Column1,Column2,Column3,Column4
101,101,2024-04-10,issue
102,102,2024-04-11,return
103,103,2024-04-12,issue
104,104,2024-04-13,return
105,105,2024-04-14,issue
106,106,2024-04-15,return
107,107,2024-04-16,issue
108,108,2024-04-17,return
109,109,2024-04-18,issue
110,110,2024-04-19,return
111,111,2024-04-20,issue
112,112,2024-04-21,return
113,113,2024-04-22,issue
114,114,2024-04-23,return
115,115,2024-04-24,issue
116,116,2024-04-25,return
117,117,2024-04-26,issue
118,118,2024-04-27,return
119,119,2024-04-28,issue
120,120,2024-04-29,return
121,121,2024-04-30,issue
122,122,2024-05-01,return
123,123,2024-05-02,issue
124,124,2024-05-03,return
125,125,2024-05-04,issue
126,126,2024-05-05,return
127,127,2024-05-06,issue
128,128,2024-05-07,return
129,129,2024-05-08,issue
130,130,2024-05-09,return
131,131,2024-05-10,issue
132,132,2024-05-11,return
133,133,2024-05-12,issue
134,134,2024-05-13,return
135,135,2024-05-14,issue
136,136,2024-05-15,return
137,137,2024-05-16,issue
138,138,2024-05-17,return
139,139,2024-05-18,issue
140,140,2024-05-19,return
141,141,2024-05-20,issue
142,142,2024-05-21,return
143,143,2024-05-22,issue
144,144,2024-05-23,return
145,145,2024-05-24,issue
146,146,2024-05-25,return
147,147,2024-05-26,issue
148,148,2024-05-27,return
149,149,2024-05-28,issue
150,150,2024-05-29,return
151,151,2024-05-30,issue
152,152,2024-05-31,return
153,153,2024-06-01,issue
154,154,2024-06-02,return
155,155,2024-06-03,issue
156,156,2024-06-04,return
157,157,2024-06-05,issue
158,158,2024-06-06,return
159,159,2024-06-07,issue
160,160,2024-06-08,return
161,161,2024-06-09,issue
162,162,2024-06-10,return
163,163,2024-06-11,issue
164,164,2024-06-12,return
165,165,2024-06-13,issue
166,166,2024-06-14,return
167,167,2024-06-15,issue
168,168,2024-06-16,return
169,169,2024-06-17,issue
170,170,2024-06-18,return
171,171,2024-06-19,issue
172,172,2024-06-20,return
173,173,2024-06-21,issue
174,174,2024-06-22,return
175,175,2024-06-23,issue
176,176,2024-06-24,return
177,177,2024-06-25,issue
178,178,2024-06-26,return
179,179,2024-06-27,issue
180,180,2024-06-28,return
181,181,2024-06-29,issue
182,182,2024-06-30,return
183,183,2024-07-01,issue
184,184,2024-07-02,return
185,185,2024-07-03,issue
186,186,2024-07-04,return
187,187,2024-07-05,issue
188,188,2024-07-06,return
189,189,2024-07-07,issue
190,190,2024-07-08,return
191,191,2024-07-09,issue
192,192,2024-07-10,return
193,193,2024-07-11,issue
194,194,2024-07-12,return
195,195,2024-07-13,issue
196,196,2024-07-14,return
197,197,2024-07-15,issue
198,198,2024-07-16,return
199,199,2024-07-17,issue
200,200,2024-07-18,return
